,text,pred,label,score,anger,disgust,fear,joy,neutral,sadness,surprise
0,Oh wow. I didn't know that.,6,surprise,0.974959135055542,0.004483153112232685,0.005863914266228676,0.002985823666676879,0.002656280994415283,0.0052026803605258465,0.0038490314036607742,0.974959135055542
1,This movie always makes me cry..,5,sadness,0.8657143712043762,0.006542773451656103,0.015441033989191055,0.009320233948528767,0.014266720972955227,0.046896256506443024,0.8657143712043762,0.04181867092847824
2,Oh Happy Day,3,joy,0.7692911028862,0.0028446882497519255,0.0009613582515157759,0.0007112699677236378,0.7692911028862,0.037753626704216,0.015293828211724758,0.17314407229423523
